{
  "hash": "96479a6d",
  "configHash": "a77ac882",
  "lockfileHash": "f97d743a",
  "browserHash": "cae9cbf5",
  "optimized": {
    "@angular/common": {
      "src": "../../../../../../node_modules/@angular/common/fesm2022/common.mjs",
      "file": "@angular_common.js",
      "fileHash": "2d1932c7",
      "needsInterop": false
    },
    "@angular/common/http": {
      "src": "../../../../../../node_modules/@angular/common/fesm2022/http.mjs",
      "file": "@angular_common_http.js",
      "fileHash": "742c5302",
      "needsInterop": false
    },
    "@angular/core": {
      "src": "../../../../../../node_modules/@angular/core/fesm2022/core.mjs",
      "file": "@angular_core.js",
      "fileHash": "41892401",
      "needsInterop": false
    },
    "@angular/forms": {
      "src": "../../../../../../node_modules/@angular/forms/fesm2022/forms.mjs",
      "file": "@angular_forms.js",
      "fileHash": "9e25218a",
      "needsInterop": false
    },
    "@angular/platform-browser": {
      "src": "../../../../../../node_modules/@angular/platform-browser/fesm2022/platform-browser.mjs",
      "file": "@angular_platform-browser.js",
      "fileHash": "255a767e",
      "needsInterop": false
    },
    "@angular/router": {
      "src": "../../../../../../node_modules/@angular/router/fesm2022/router.mjs",
      "file": "@angular_router.js",
      "fileHash": "d695d6c7",
      "needsInterop": false
    },
    "rxjs/operators": {
      "src": "../../../../../../node_modules/rxjs/dist/esm5/operators/index.js",
      "file": "rxjs_operators.js",
      "fileHash": "246cadb8",
      "needsInterop": false
    }
  },
  "chunks": {
    "chunk-PQRMTKVC": {
      "file": "chunk-PQRMTKVC.js"
    },
    "chunk-3ABSLCMU": {
      "file": "chunk-3ABSLCMU.js"
    },
    "chunk-XFUYZCMY": {
      "file": "chunk-XFUYZCMY.js"
    },
    "chunk-HSHERHOX": {
      "file": "chunk-HSHERHOX.js"
    },
    "chunk-KXCGID2W": {
      "file": "chunk-KXCGID2W.js"
    },
    "chunk-4QY3CLME": {
      "file": "chunk-4QY3CLME.js"
    }
  }
}